1,101,1,C107
2,102,1,C107
3,103,1,C107
4,104,1,C107
5,105,1,C107
6,106,1,C107
7,107,1,C107
8,108,1,C107
9,109,1,C107
10,110,1,C107
11,111,1,C107
12,112,2,C108
13,113,2,C108
14,114,2,C108
15,115,2,C108
16,116,2,C108
17,117,2,C108
18,118,2,C108
19,119,2,C108
20,120,2,C108
21,121,2,C108
22,122,2,C108
23,123,2,C108
24,124,2,C108
25,125,2,C108
26,126,3,C109
27,127,3,C109
28,128,3,C109
29,129,3,C109
30,130,3,C109
31,131,3,C109
32,132,3,C109
33,133,3,C109
34,134,3,C109
35,135,3,C109
36,136,4,C110
37,137,4,C110
38,138,4,C110
39,139,4,C110
40,140,4,C110
41,141,4,C110
42,142,4,C110
43,143,4,C110
44,144,4,C110
45,145,4,C110
46,146,4,C110
47,147,4,C110
48,148,5,C111
49,149,5,C111
50,150,5,C111
51,151,5,C111
52,152,5,C111
53,153,5,C111
54,154,5,C111
55,155,5,C111
56,156,5,C111
57,157,5,C111
58,158,6,C121
59,159,6,C121
60,160,6,C121
61,161,6,C121
62,162,6,C121
63,163,6,C121
64,164,6,C121
65,165,6,C121
66,166,6,C121
67,167,6,C121
68,168,7,C121
69,169,7,C121
70,170,7,C121
71,171,7,C121
72,172,7,C121
73,173,7,C121
74,174,7,C121
75,175,7,C121
76,176,7,C121
77,177,7,C121
78,178,7,C121
79,179,7,C121
80,180,8,C225
81,181,8,C225
82,182,8,C225
83,183,8,C225
84,184,8,C225
85,185,8,C225
86,186,8,C225
87,187,8,C225
88,188,8,C225
89,189,8,C225
90,190,9,C307
91,191,9,C307
92,192,9,C307
93,193,9,C307
94,194,9,C307
95,195,9,C307
96,196,9,C307
97,197,9,C307
98,198,9,C307
99,199,9,C307
100,200,9,C307
101,201,10,C308
102,202,10,C308
103,203,10,C308
104,204,10,C308
105,205,10,C308
106,206,10,C308
107,207,10,C308
108,208,10,C308
109,209,10,C308
110,210,10,C308
111,211,10,C308
112,212,10,C308
113,213,11,C309
114,214,11,C309
115,215,11,C309
116,216,11,C309
117,217,11,C309
118,218,11,C309
119,219,11,C309
120,220,11,C309
121,221,11,C309
122,222,11,C309
123,223,11,C309
124,224,12,C321B1
125,225,12,C321B1
126,226,12,C321B1
127,227,12,C321B1
128,228,12,C321B1
129,229,12,C321B1
130,230,12,C321B1
131,231,12,C321B1
132,232,12,C321B1
133,233,12,C321B1
134,234,12,C321B1
135,235,13,C321B2
136,236,13,C321B2
137,237,13,C321B2
138,238,13,C321B2
139,239,13,C321B2
140,240,13,C321B2
141,241,13,C321B2
142,242,13,C321B2
143,243,13,C321B2
144,244,13,C321B2
145,245,14,C325
146,246,14,C325
147,247,14,C325
148,248,14,C325
149,249,14,C325
150,250,14,C325
151,251,14,C325
152,252,14,C325
153,253,14,C325
154,254,14,C325
155,255,14,C325
156,256,15,C325
157,257,16,C406
158,258,16,C406
159,259,16,C406
160,260,16,C406
161,261,16,C406
162,262,16,C406
163,263,16,C406
164,264,16,C406
165,265,16,C406
166,266,16,C406
167,267,16,C406
168,268,17,C407
169,269,17,C407
170,270,17,C407
171,271,17,C407
172,272,17,C407
173,273,17,C407
174,274,17,C407
175,275,17,C407
176,276,17,C407
177,277,17,C407
178,278,17,C407
179,279,18,C410
180,280,18,C410
181,281,18,C410
182,282,18,C410
183,283,18,C410
184,284,18,C410
185,285,18,C410
186,286,18,C410
187,287,18,C410
188,288,18,C410
189,289,18,C410
190,290,19,C411
191,291,19,C411
192,292,19,C411
193,293,19,C411
194,294,19,C411
195,295,19,C411
196,296,19,C411
197,297,19,C411
198,298,19,C411
199,299,19,C411
200,300,19,C411
201,301,20,C421A
202,302,20,C421A
203,303,20,C421A
204,304,20,C421A
205,305,20,C421A
206,306,20,C421A
207,307,20,C421A
208,308,20,C421A
209,309,20,C421A
210,310,20,C421A
211,311,20,C421A
212,312,20,C421A
213,313,21,C422
214,314,21,C422
215,315,21,C422
216,316,21,C422
217,317,21,C422
218,318,21,C422
219,319,21,C422
220,320,21,C422
221,321,21,C422
222,322,21,C422
223,323,21,C422
224,324,22,C423
225,325,22,C423
226,326,22,C423
227,327,22,C423
228,328,22,C423
229,329,22,C423
230,330,22,C423
231,331,22,C423
232,332,22,C423
233,333,22,C423
234,334,22,C423
235,335,23,C425
236,336,23,C426
237,337,23,C427
238,338,23,C428
239,339,23,C429
240,340,23,C430
241,341,23,C431
242,342,23,C432
243,343,23,C433
244,344,23,C434
245,345,23,C435
246,346,24,C436
247,347,24,C437
248,348,24,C438
249,349,24,C439
250,350,24,C440
251,351,24,C441
252,352,24,C442
253,353,24,C443
254,354,24,C444
255,355,24,C445
256,356,25,C525
257,357,25,C525
258,358,25,C525
259,359,25,C525
260,360,25,C525
261,361,25,C525
262,362,25,C525
263,363,25,C525
264,364,25,C525
265,365,25,C525
266,366,26,C525
267,367,26,C525
268,368,26,C525
269,369,26,C525
270,370,26,C525
271,371,26,C525
272,372,26,C525
273,373,26,C525
274,374,26,C525
275,375,26,C525
276,376,26,C525
277,377,28,C625
278,378,28,C625
279,379,28,C625
280,380,28,C625
281,381,28,C625
282,382,28,C625
283,383,28,C625
284,384,28,C625
285,385,28,C625
286,386,28,C625
287,387,29,GroundFloorLab
288,388,29,GroundFloorLab
289,389,29,GroundFloorLab
290,390,29,GroundFloorLab
291,391,29,GroundFloorLab
292,392,29,GroundFloorLab
293,393,29,GroundFloorLab
294,394,29,GroundFloorLab
295,395,29,GroundFloorLab
296,396,29,GroundFloorLab
297,397,31,FirstFloorLab
298,398,31,FirstFloorLab
299,399,31,FirstFloorLab
300,400,31,FirstFloorLab
301,401,31,FirstFloorLab
302,402,31,FirstFloorLab
303,403,31,FirstFloorLab
304,404,31,FirstFloorLab
305,405,31,FirstFloorLab
306,406,31,FirstFloorLab
307,407,31,FirstFloorLab
308,408,31,FirstFloorLab
309,409,32,FirstFloorLab
310,410,32,FirstFloorLab
311,411,32,FirstFloorLab
312,412,32,FirstFloorLab
313,413,32,FirstFloorLab
314,414,32,FirstFloorLab
315,415,32,FirstFloorLab
316,416,32,FirstFloorLab
317,417,32,FirstFloorLab
318,418,32,FirstFloorLab
319,419,33,SecondFloorLab
320,420,33,SecondFloorLab
321,421,33,SecondFloorLab
322,422,33,SecondFloorLab
323,423,33,SecondFloorLab
324,424,33,SecondFloorLab
325,425,33,SecondFloorLab
326,426,33,SecondFloorLab
327,427,33,SecondFloorLab
328,428,33,SecondFloorLab
329,429,34,SecondFloorLab
330,430,34,SecondFloorLab
331,431,34,SecondFloorLab
332,432,34,SecondFloorLab
333,433,34,SecondFloorLab
334,434,34,SecondFloorLab
335,435,34,SecondFloorLab
336,436,34,SecondFloorLab
337,437,34,SecondFloorLab
338,438,34,SecondFloorLab
339,439,35,ThirdFloorLab
340,440,35,ThirdFloorLab
341,441,35,ThirdFloorLab
342,442,35,ThirdFloorLab
343,443,35,ThirdFloorLab
344,444,35,ThirdFloorLab
345,445,35,ThirdFloorLab
346,446,35,ThirdFloorLab
347,447,35,ThirdFloorLab
348,448,35,ThirdFloorLab
349,449,35,ThirdFloorLab
350,450,35,ThirdFloorLab
351,451,36,ThirdFloorLab
352,452,36,ThirdFloorLab
353,453,36,ThirdFloorLab
354,454,36,ThirdFloorLab
355,455,36,ThirdFloorLab
356,456,36,ThirdFloorLab
357,457,36,ThirdFloorLab
358,458,36,ThirdFloorLab
359,459,36,ThirdFloorLab
360,460,36,ThirdFloorLab
361,461,37,FourthFloorLab
362,462,37,FourthFloorLab
363,463,37,FourthFloorLab
364,464,37,FourthFloorLab
365,465,37,FourthFloorLab
366,466,37,FourthFloorLab
367,467,37,FourthFloorLab
368,468,37,FourthFloorLab
369,469,37,FourthFloorLab
370,470,37,FourthFloorLab
371,471,37,FourthFloorLab
372,472,37,FourthFloorLab
373,473,38,FourthFloorLab
374,474,38,FourthFloorLab
375,475,38,FourthFloorLab
376,476,38,FourthFloorLab
377,477,38,FourthFloorLab
378,478,38,FourthFloorLab
379,479,38,FourthFloorLab
380,480,38,FourthFloorLab
381,481,38,FourthFloorLab
382,482,38,FourthFloorLab
383,483,38,FourthFloorLab
384,484,38,FourthFloorLab
385,485,39,SixthFloorLab
386,486,39,SixthFloorLab
387,487,39,SixthFloorLab
388,488,39,SixthFloorLab
389,489,39,SixthFloorLab
390,490,39,SixthFloorLab
391,491,39,SixthFloorLab
392,492,39,SixthFloorLab
393,493,39,SixthFloorLab
394,494,39,SixthFloorLab
395,495,39,SixthFloorLab
396,496,39,SixthFloorLab
397,497,40,SixthFloorLab
398,498,40,SixthFloorLab
399,499,40,SixthFloorLab
400,500,40,SixthFloorLab
401,501,40,SixthFloorLab
402,502,40,SixthFloorLab
403,503,40,SixthFloorLab
404,504,40,SixthFloorLab
405,505,40,SixthFloorLab
406,506,40,SixthFloorLab
407,507,40,SixthFloorLab
408,508,40,SixthFloorLab
409,CLUST01TEAM01,BFS,C225
410,CLUST01TEAM03,TTH,C121
411,CLUST01TEAM05,SEM,FourthFloorLab
412,CLUST01TEAM06,REM,GroundFloorLab
413,CLUST01TEAM07,PFC,C425
414,CLUST01TEAM08,PMS,C625
415,CLUST01TEAM09,MPB,SixthFloorLab
416,CLUST01TEAM10,BDS,C121
417,CLUST01TEAM12,FHS,C410
418,CLUST01TEAM13,PFC,C425
419,CLUST01TEAM14,SAM,SecondFloorLab
420,CLUST01TEAM15,EPC,C325
421,CLUST01TEAM16,APS,C111
422,CLUST01TEAM17,PFC,C425
423,CLUST01TEAM18,FHS,C410
424,CLUST01TEAM19,HLI,C421A
425,CLUST01TEAM20,FDS,C406
426,CLUST01TEAM21,ERP,C309
427,CLUST01TEAM23,MPB,SixthFloorLab
428,CLUST01TEAM24,ETS,C321B1
429,CLUST01TEAM25,ETS,C321B1
430,CLUST01TEAM26,RES,FirstFloorLab
431,CLUST01TEAM27,SAM,SecondFloorLab
432,CLUST01TEAM28,RES,FirstFloorLab
433,CLUST01TEAM29,SAM,SecondFloorLab
434,CLUST01TEAM30,EVM,C325
435,CLUST01TEAM31,FHS,C410
436,CLUST01TEAM32,ETS,C321B1
437,CLUST01TEAM33,FHS,C410
438,CLUST01TEAM34,PMS,C625
439,CLUST01TEAM35,BFS,C225
440,CLUST01TEAM36,EPC,C325
441,CLUST01TEAM37,PMS,C625
442,CLUST01TEAM38,SAM,SecondFloorLab
443,CLUST01TEAM39,PMS,C625
444,CLUST01TEAM40,BFS,C225
445,CLUST01TEAM41,MPB,SixthFloorLab
446,CLUST01TEAM42,EVM,C325
447,CLUST01TEAM43,RES,FirstFloorLab
448,CLUST01TEAM44,AMS,C109
449,CLUST01TEAM46,REM,GroundFloorLab
450,CLUST01TEAM47,SMS,FourthFloorLab
451,CLUST01TEAM48,FDS,C406
452,CLUST01TEAM49,PMS,C625
453,CLUST01TEAM50,ERP,C309
454,CLUST01TEAM51,HLI,C421A
455,CLUST01TEAM52,EVM,C325
456,CLUST01TEAM53,SEM,FourthFloorLab
457,CLUST01TEAM54,SAM,SecondFloorLab
458,CLUST01TEAM55,EPC,C325
459,CLUST01TEAM56,REM,GroundFloorLab
460,CLUST01TEAM57,TTH,C121
461,CLUST01TEAM58,BFS,C225
462,CLUST01TEAM59,EVM,C325
463,CLUST01TEAM60,SCM,ThirdFloorLab
464,CLUST01TEAM61,EVM,C325
465,CLUST01TEAM62,PFC,C425
466,CLUST01TEAM63,RES,FirstFloorLab
467,CLUST01TEAM64,EVM,C325
468,CLUST01TEAM65,AMS,C109
469,CLUST01TEAM66,REM,GroundFloorLab
470,CLUST01TEAM67,AAS,C107
471,CLUST01TEAM68,ETS,C321B1
472,CLUST01TEAM69,SCM,ThirdFloorLab
473,CLUST01TEAM70,BFS,C225
474,CLUST01TEAM71,SCM,ThirdFloorLab
475,CLUST01TEAM72,FDS,C406
476,CLUST01TEAM73,AAS,C107
477,CLUST01TEAM74,REM,GroundFloorLab
478,CLUST01TEAM75,BDS,C121
479,CLUST01TEAM76,FHS,C410
480,CLUST01TEAM77,BDS,C121
481,CLUST01TEAM78,SAM,SecondFloorLab
482,CLUST01TEAM79,RES,FirstFloorLab
483,CLUST01TEAM80,SMS,FourthFloorLab
484,CLUST01TEAM82,BDS,C121
485,CLUST01TEAM83,AAS,C107
486,CLUST01TEAM84,BDS,C121
487,CLUST01TEAM86,PFC,C425
488,CLUST01TEAM87,FDS,C406
489,CLUST01TEAM88,RES,FirstFloorLab
490,CLUST01TEAM90,APS,C111
491,CLUST01TEAM91,BDS,C121
492,CLUST01TEAM93,APS,C111
493,CLUST01TEAM95,ERP,C309
494,CLUST01TEAM96,EPC,C325
495,CLUST01TEAM97,HLI,C421A
496,CLUST01TEAM98,REM,GroundFloorLab
497,CLUST01TEAM99,PJM,C525
498,CLUST02TEAM03,FDS,C406
499,CLUST02TEAM04,HWS,C423
500,CLUST02TEAM05,PMS,C625
501,CLUST02TEAM06,PJM,C525
502,CLUST02TEAM07,SEM,FourthFloorLab
503,CLUST02TEAM08,TTH,C121
504,CLUST02TEAM09,PMS,C625
505,CLUST02TEAM10,HLI,C421A
506,CLUST02TEAM11,HLI,C421A
507,CLUST02TEAM12,EPC,C325
508,CLUST02TEAM13,BFS,C225
509,CLUST02TEAM14,BFS,C225
510,CLUST02TEAM15,REM,GroundFloorLab
511,CLUST02TEAM16,AAS,C107
512,CLUST02TEAM17,HWS,C423
513,CLUST02TEAM18,BDS,C121
514,CLUST02TEAM19,HWS,C423
515,CLUST02TEAM20,FHS,C410
516,CLUST02TEAM21,ERP,C309
517,CLUST02TEAM22,BDS,C121
518,CLUST02TEAM23,APS,C111
519,CLUST02TEAM25,EPC,C325
520,CLUST02TEAM26,PMS,C625
521,CLUST02TEAM27,TTH,C121
522,CLUST02TEAM28,TTH,C121
523,CLUST02TEAM29,HLI,C421A
524,CLUST02TEAM30,FDS,C406
525,CLUST02TEAM31,SAM,SecondFloorLab
526,CLUST02TEAM32,AAS,C107
527,CLUST02TEAM33,PJM,C525
528,CLUST02TEAM34,PJM,C525
529,CLUST02TEAM35,FDS,C406
530,CLUST02TEAM36,HWS,C423
531,CLUST02TEAM37,EVM,C325
532,CLUST02TEAM38,PMS,C625
533,CLUST02TEAM39,ERP,C309
534,CLUST02TEAM40,HLI,C421A
535,CLUST02TEAM41,REM,GroundFloorLab
536,CLUST02TEAM42,HWS,C423
537,CLUST02TEAM43,TTH,C121
538,CLUST02TEAM44,FHS,C410
539,CLUST02TEAM45,EVM,C325
540,CLUST02TEAM46,RES,FirstFloorLab
541,CLUST02TEAM47,PJM,C525
542,CLUST02TEAM48,FHS,C410
543,CLUST02TEAM49,SMS,FourthFloorLab
544,CLUST02TEAM50,AAS,C107
545,CLUST02TEAM51,BDS,C121
546,CLUST02TEAM52,AAS,C107
547,CLUST02TEAM53,SEM,FourthFloorLab
548,CLUST02TEAM54,BDS,C121
549,CLUST02TEAM55,TTH,C121
550,CLUST02TEAM56,TTH,C121
551,CLUST02TEAM57,SEM,FourthFloorLab
552,CLUST02TEAM58,HLI,C421A
553,CLUST02TEAM59,SMS,FourthFloorLab
554,CLUST02TEAM60,SMS,FourthFloorLab
555,CLUST02TEAM61,FHS,C410
556,CLUST02TEAM62,HWS,C423
557,CLUST02TEAM63,REM,GroundFloorLab
558,CLUST02TEAM64,RES,FirstFloorLab
559,CLUST02TEAM66,AAS,C107
560,CLUST02TEAM67,BDS,C121
561,CLUST02TEAM68,PJM,C525
562,CLUST02TEAM69,PJM,C525
563,CLUST02TEAM70,EVM,C325
564,CLUST02TEAM71,AMS,C109
565,CLUST02TEAM72,SEM,FourthFloorLab
566,CLUST02TEAM74,HWS,C423
567,CLUST02TEAM75,HLI,C421A
568,CLUST02TEAM77,HWS,C423
569,CLUST02TEAM78,EPC,C325
570,CLUST02TEAM79,FHS,C410
571,CLUST02TEAM80,SEM,FourthFloorLab
572,CLUST02TEAM81,EPC,C325
573,CLUST02TEAM82,SMS,FourthFloorLab
574,CLUST02TEAM83,BFS,C225
575,CLUST02TEAM84,BDS,C121
576,CLUST02TEAM85,TTH,C121
577,CLUST02TEAM86,RES,FirstFloorLab
578,CLUST02TEAM87,HWS,C423
579,CLUST02TEAM88,AMS,C109
580,CLUST02TEAM89,AMS,C109
581,CLUST02TEAM90,SMS,FourthFloorLab
582,CLUST03TEAM100,ETS,C321B1
583,CLUST03TEAM101,TTH,C121
584,CLUST03TEAM105,ETS,C321B1
585,CLUST03TEAM106,AMS,C109
586,CLUST03TEAM108,SCM,ThirdFloorLab
587,CLUST03TEAM10,SMS,FourthFloorLab
588,CLUST03TEAM110,SEM,FourthFloorLab
589,CLUST03TEAM111,SEM,FourthFloorLab
590,CLUST03TEAM112,SCM,ThirdFloorLab
591,CLUST03TEAM114,FHS,C410
592,CLUST03TEAM11,ERP,C309
593,CLUST03TEAM12,EPC,C325
594,CLUST03TEAM13,FDS,C406
595,CLUST03TEAM14,SCM,ThirdFloorLab
596,CLUST03TEAM15,SCM,ThirdFloorLab
597,CLUST03TEAM16,SAM,SecondFloorLab
598,CLUST03TEAM17,AMS,C109
599,CLUST03TEAM18,EVM,C325
600,CLUST03TEAM19,BFS,C225
601,CLUST03TEAM20,PJM,C525
602,CLUST03TEAM21,ETS,C321B1
603,CLUST03TEAM22,PJM,C525
604,CLUST03TEAM23,EPC,C325
605,CLUST03TEAM24,FDS,C406
606,CLUST03TEAM25,BFS,C225
607,CLUST03TEAM26,AMS,C109
608,CLUST03TEAM27,TTH,C121
609,CLUST03TEAM28,PJM,C525
610,CLUST03TEAM29,SEM,FourthFloorLab
611,CLUST03TEAM2,ETS,C321B1
612,CLUST03TEAM30,SMS,FourthFloorLab
613,CLUST03TEAM31,AMS,C109
614,CLUST03TEAM32,AAS,C107
615,CLUST03TEAM33,EVM,C325
616,CLUST03TEAM34,PMS,C625
617,CLUST03TEAM35,FDS,C406
618,CLUST03TEAM36,SCM,ThirdFloorLab
619,CLUST03TEAM37,AMS,C109
620,CLUST03TEAM38,PJM,C525
621,CLUST03TEAM39,SMS,FourthFloorLab
622,CLUST03TEAM3,SMS,FourthFloorLab
623,CLUST03TEAM40,REM,GroundFloorLab
624,CLUST03TEAM41,PFC,C425
625,CLUST03TEAM42,SCM,ThirdFloorLab
626,CLUST03TEAM43,SAM,SecondFloorLab
627,CLUST03TEAM44,SAM,SecondFloorLab
628,CLUST03TEAM45,TTH,C121
629,CLUST03TEAM46,ETS,C321B1
630,CLUST03TEAM47,ETS,C321B1
631,CLUST03TEAM48,HWS,C423
632,CLUST03TEAM49,PFC,C425
633,CLUST03TEAM4,EPC,C325
634,CLUST03TEAM50,RES,FirstFloorLab
635,CLUST03TEAM51,PFC,C425
636,CLUST03TEAM52,AAS,C107
637,CLUST03TEAM54,PJM,C525
638,CLUST03TEAM55,EVM,C325
639,CLUST03TEAM56,PMS,C625
640,CLUST03TEAM57,APS,C111
641,CLUST03TEAM58,PFC,C425
642,CLUST03TEAM5,AAS,C107
643,CLUST03TEAM60,SCM,ThirdFloorLab
644,CLUST03TEAM61,PFC,C425
645,CLUST03TEAM62,HLI,C421A
646,CLUST03TEAM63,REM,GroundFloorLab
647,CLUST03TEAM64,ETS,C321B1
648,CLUST03TEAM65,HLI,C421A
649,CLUST03TEAM66,SEM,FourthFloorLab
650,CLUST03TEAM67,FHS,C410
651,CLUST03TEAM68,AAS,C107
652,CLUST03TEAM69,ERP,C309
653,CLUST03TEAM6,FDS,C406
654,CLUST03TEAM70,RES,FirstFloorLab
655,CLUST03TEAM71,BFS,C225
656,CLUST03TEAM72,ERP,C309
657,CLUST03TEAM73,HLI,C421A
658,CLUST03TEAM74,BFS,C225
659,CLUST03TEAM75,SMS,FourthFloorLab
660,CLUST03TEAM76,PFC,C425
661,CLUST03TEAM77,REM,GroundFloorLab
662,CLUST03TEAM78,PFC,C425
663,CLUST03TEAM79,APS,C111
664,CLUST03TEAM7,ERP,C309
665,CLUST03TEAM80,RES,FirstFloorLab
666,CLUST03TEAM81,ERP,C309
667,CLUST03TEAM82,ETS,C321B1
668,CLUST03TEAM83,ERP,C309
669,CLUST03TEAM84,AMS,C109
670,CLUST03TEAM85,PMS,C625
671,CLUST03TEAM86,ERP,C309
672,CLUST03TEAM87,AMS,C109
673,CLUST03TEAM88,SAM,SecondFloorLab
674,CLUST03TEAM89,APS,C111
675,CLUST03TEAM8,FDS,C406
676,CLUST03TEAM90,EPC,C325
677,CLUST03TEAM91,SCM,ThirdFloorLab
678,CLUST03TEAM93,HWS,C423
679,CLUST03TEAM94,HWS,C423
680,CLUST03TEAM95,BFS,C225
681,CLUST03TEAM96,APS,C111
682,CLUST03TEAM97,SAM,SecondFloorLab
683,CLUST03TEAM98,APS,C111
684,CLUST03TEAM99,APS,C111
685,CLUST03TEAM9,SEM,FourthFloorLab
686,MCLUST01TEAM12, EPC,C325
687,MCLUST01TEAM21, EPC,C325
688,MCLUST01TEAM23, EPC,C325
689,MCLUST01TEAM89, EPC,C325
690,MCLUST02TEAM100, EPC,C325
691,MCLUST02TEAM104, EPC,C325
692,MCLUST02TEAM79, EPC,C325
693,MCLUST02TEAM92, EPC,C325
694,MCLUST03TEAM35, EPC,C325
695,MCLUST03TEAM44, EPC,C325
696,MCLUST03TEAM78, EPC,C325
697,MCLUST01TEAM103,AAS,C108
698,MCLUST01TEAM3,AAS,C108
699,MCLUST01TEAM31,AAS,C108
700,MCLUST01TEAM5,AAS,C108
701,MCLUST01TEAM62,AAS,C108
702,MCLUST02TEAM31,AAS,C108
703,MCLUST02TEAM60,AAS,C108
704,MCLUST02TEAM75,AAS,C108
705,MCLUST03TEAM11,AAS,C108
706,MCLUST03TEAM70,AAS,C108
707,MCLUST03TEAM75,AAS,C108
708,MCLUST01TEAM28,AMS,C110
709,MCLUST01TEAM51,AMS,C110
710,MCLUST01TEAM69,AMS,C110
711,MCLUST01TEAM86,AMS,C110
712,MCLUST01TEAM96,AMS,C110
713,MCLUST01TEAM98,AMS,C110
714,MCLUST02TEAM55,AMS,C110
715,MCLUST02TEAM69,AMS,C110
716,MCLUST02TEAM83,AMS,C110
717,MCLUST03TEAM34,AMS,C110
718,MCLUST03TEAM59,AMS,C110
719,MCLUST01TEAM71,APS ,C121
720,MCLUST01TEAM77,APS ,C121
721,MCLUST02TEAM39,APS ,C121
722,MCLUST02TEAM6,APS ,C121
723,MCLUST02TEAM61,APS ,C121
724,MCLUST02TEAM78,APS ,C121
725,MCLUST02TEAM97,APS ,C121
726,MCLUST03TEAM16,APS ,C121
727,MCLUST03TEAM17,APS ,C121
728,MCLUST03TEAM5,APS ,C121
729,MCLUST03TEAM79,APS ,C121
730,MCLUST01TEAM13,BDS,C225
731,MCLUST01TEAM39,BDS,C225
732,MCLUST01TEAM50,BDS,C225
733,MCLUST01TEAM53,BDS,C225
734,MCLUST01TEAM58,BDS,C225
735,MCLUST01TEAM59,BDS,C225
736,MCLUST02TEAM77,BDS,C225
737,MCLUST03TEAM18,BDS,C225
738,MCLUST03TEAM29,BDS,C225
739,MCLUST03TEAM30,BDS,C225
740,MCLUST03TEAM50,BDS,C225
741,MCLUST03TEAM8,BDS,C225
742,MCLUST01TEAM22,BFS,C308
743,MCLUST01TEAM38,BFS,C308
744,MCLUST02TEAM21,BFS,C308
745,MCLUST02TEAM56,BFS,C308
746,MCLUST02TEAM57,BFS,C308
747,MCLUST02TEAM62,BFS,C308
748,MCLUST02TEAM73,BFS,C308
749,MCLUST02TEAM88,BFS,C308
750,MCLUST03TEAM10,BFS,C308
751,MCLUST03TEAM54,BFS,C308
752,MCLUST03TEAM56,BFS,C308
753,MCLUST01TEAM29,BMS,C321B2
754,MCLUST01TEAM34,BMS,C321B2
755,MCLUST01TEAM35,BMS,C321B2
756,MCLUST01TEAM40,BMS,C321B2
757,MCLUST01TEAM80,BMS,C321B2
758,MCLUST02TEAM17,BMS,C321B2
759,MCLUST02TEAM49,BMS,C321B2
760,MCLUST02TEAM91,BMS,C321B2
761,MCLUST03TEAM32,BMS,C321B2
762,MCLUST03TEAM63,BMS,C321B2
763,MCLUST03TEAM7,BMS,C321B2
764,MCLUST01TEAM105,ERP,C121
765,MCLUST01TEAM45,ERP,C121
766,MCLUST01TEAM47,ERP,C121
767,MCLUST02TEAM45,ERP,C121
768,MCLUST02TEAM70,ERP,C121
769,MCLUST02TEAM71,ERP,C121
770,MCLUST03TEAM14,ERP,C121
771,MCLUST03TEAM3,ERP,C121
772,MCLUST03TEAM71,ERP,C121
773,MCLUST03TEAM73,ERP,C121
774,MCLUST03TEAM84,ERP,C121
775,MCLUST01TEAM17,ETS,C407
776,MCLUST01TEAM26,ETS,C407
777,MCLUST01TEAM36,ETS,C407
778,MCLUST01TEAM44,ETS,C407
779,MCLUST01TEAM46,ETS,C407
780,MCLUST01TEAM60,ETS,C407
781,MCLUST01TEAM79,ETS,C407
782,MCLUST02TEAM18,ETS,C407
783,MCLUST02TEAM35,ETS,C407
784,MCLUST02TEAM51,ETS,C407
785,MCLUST03TEAM31,ETS,C407
786,MCLUST01TEAM42,EVM,C411
787,MCLUST01TEAM48,EVM,C411
788,MCLUST01TEAM72,EVM,C411
789,MCLUST01TEAM81,EVM,C411
790,MCLUST01TEAM92,EVM,C411
791,MCLUST02TEAM23,EVM,C411
792,MCLUST02TEAM24,EVM,C411
793,MCLUST02TEAM4,EVM,C411
794,MCLUST02TEAM47,EVM,C411
795,MCLUST03TEAM33,EVM,C411
796,MCLUST03TEAM62,EVM,C411
797,MCLUST01TEAM104,FDS,C422
798,MCLUST01TEAM11,FDS,C422
799,MCLUST01TEAM16,FDS,C422
800,MCLUST01TEAM25,FDS,C422
801,MCLUST01TEAM9,FDS,C422
802,MCLUST02TEAM103,FDS,C422
803,MCLUST02TEAM13,FDS,C422
804,MCLUST02TEAM27,FDS,C422
805,MCLUST02TEAM9,FDS,C422
806,MCLUST03TEAM15,FDS,C422
807,MCLUST03TEAM41,FDS,C422
808,MCLUST03TEAM83,FDS,C422
809,MCLUST01TEAM63,FHS,C425
810,MCLUST01TEAM76,FHS,C425
811,MCLUST02TEAM28,FHS,C425
812,MCLUST02TEAM37,FHS,C425
813,MCLUST02TEAM46,FHS,C425
814,MCLUST02TEAM5,FHS,C425
815,MCLUST03TEAM25,FHS,C425
816,MCLUST03TEAM26,FHS,C425
817,MCLUST03TEAM27,FHS,C425
818,MCLUST03TEAM39,FHS,C425
819,MCLUST03TEAM46,FHS,C425
820,MCLUST01TEAM100,HLI,C525
821,MCLUST01TEAM15,HLI,C525
822,MCLUST01TEAM64,HLI,C525
823,MCLUST01TEAM88,HLI,C525
824,MCLUST01TEAM97,HLI,C525
825,MCLUST02TEAM20,HLI,C525
826,MCLUST02TEAM74,HLI,C525
827,MCLUST02TEAM87,HLI,C525
828,MCLUST02TEAM98,HLI,C525
829,MCLUST03TEAM74,HLI,C525
830,MCLUST03TEAM77,HLI,C525
831,MCLUST01TEAM106,HWS,C625
832,MCLUST01TEAM73,HWS,C625
833,MCLUST02TEAM16,HWS,C625
834,MCLUST02TEAM29,HWS,C625
835,MCLUST02TEAM38,HWS,C625
836,MCLUST02TEAM86,HWS,C625
837,MCLUST02TEAM89,HWS,C625
838,MCLUST03TEAM24,HWS,C625
839,MCLUST03TEAM4,HWS,C625
840,MCLUST03TEAM6,HWS,C625
841,MCLUST03TEAM69,HWS,C625
842,MCLUST01TEAM14,MPB,GroundFloorLab
843,MCLUST01TEAM20,MPB,GroundFloorLab
844,MCLUST01TEAM6,MPB,GroundFloorLab
845,MCLUST01TEAM66,MPB,GroundFloorLab
846,MCLUST02TEAM19,MPB,GroundFloorLab
847,MCLUST03TEAM42,MPB,GroundFloorLab
848,MCLUST01TEAM2,PFC,SixthFloorLab
849,MCLUST01TEAM30,PFC,SixthFloorLab
850,MCLUST01TEAM41,PFC,SixthFloorLab
851,MCLUST01TEAM52,PFC,SixthFloorLab
852,MCLUST02TEAM12,PFC,SixthFloorLab
853,MCLUST02TEAM44,PFC,SixthFloorLab
854,MCLUST02TEAM59,PFC,SixthFloorLab
855,MCLUST02TEAM94,PFC,SixthFloorLab
856,MCLUST03TEAM43,PFC,SixthFloorLab
857,MCLUST03TEAM51,PFC,SixthFloorLab
858,MCLUST03TEAM60,PFC,SixthFloorLab
859,MCLUST03TEAM72,PFC,SixthFloorLab
860,MCLUST01TEAM102,PJM,FirstFloorLab
861,MCLUST01TEAM33,PJM,FirstFloorLab
862,MCLUST01TEAM67,PJM,FirstFloorLab
863,MCLUST01TEAM91,PJM,FirstFloorLab
864,MCLUST02TEAM10,PJM,FirstFloorLab
865,MCLUST02TEAM102,PJM,FirstFloorLab
866,MCLUST02TEAM3,PJM,FirstFloorLab
867,MCLUST02TEAM33,PJM,FirstFloorLab
868,MCLUST02TEAM40,PJM,FirstFloorLab
869,MCLUST02TEAM53,PJM,FirstFloorLab
870,MCLUST02TEAM76,PJM,FirstFloorLab
871,MCLUST01TEAM49,PMS,SecondFloorLab
872,MCLUST01TEAM57,PMS,SecondFloorLab
873,MCLUST01TEAM61,PMS,SecondFloorLab
874,MCLUST01TEAM90,PMS,SecondFloorLab
875,MCLUST01TEAM99,PMS,SecondFloorLab
876,MCLUST02TEAM11,PMS,SecondFloorLab
877,MCLUST02TEAM14,PMS,SecondFloorLab
878,MCLUST02TEAM63,PMS,SecondFloorLab
879,MCLUST02TEAM8,PMS,SecondFloorLab
880,MCLUST03TEAM21,PMS,SecondFloorLab
881,MCLUST03TEAM37,PMS,SecondFloorLab
882,MCLUST03TEAM9,PMS,SecondFloorLab
883,MCLUST01TEAM110,REM,C225
884,MCLUST01TEAM24,REM,C225
885,MCLUST01TEAM43,REM,C225
886,MCLUST01TEAM75,REM,C225
887,MCLUST01TEAM87,REM,C225
888,MCLUST02TEAM34,REM,C225
889,MCLUST02TEAM58,REM,C225
890,MCLUST02TEAM7,REM,C225
891,MCLUST02TEAM93,REM,C225
892,MCLUST03TEAM12,REM,C225
893,MCLUST03TEAM80,REM,C225
894,MCLUST03TEAM81,REM,C225
895,MCLUST01TEAM18,RES,ThirdFloorLab
896,MCLUST01TEAM37,RES,ThirdFloorLab
897,MCLUST01TEAM54,RES,ThirdFloorLab
898,MCLUST01TEAM78,RES,ThirdFloorLab
899,MCLUST01TEAM82,RES,ThirdFloorLab
900,MCLUST01TEAM93,RES,ThirdFloorLab
901,MCLUST02TEAM30,RES,ThirdFloorLab
902,MCLUST02TEAM42,RES,ThirdFloorLab
903,MCLUST02TEAM68,RES,ThirdFloorLab
904,MCLUST02TEAM99,RES,ThirdFloorLab
905,MCLUST03TEAM45,RES,ThirdFloorLab
906,MCLUST03TEAM64,RES,ThirdFloorLab
907,MCLUST01TEAM32,SAM,SixthFloorLab
908,MCLUST01TEAM74,SAM,SixthFloorLab
909,MCLUST02TEAM15,SAM,SixthFloorLab
910,MCLUST02TEAM26,SAM,SixthFloorLab
911,MCLUST02TEAM50,SAM,SixthFloorLab
912,MCLUST02TEAM52,SAM,SixthFloorLab
913,MCLUST02TEAM72,SAM,SixthFloorLab
914,MCLUST02TEAM82,SAM,SixthFloorLab
915,MCLUST03TEAM19,SAM,SixthFloorLab
916,MCLUST03TEAM20,SAM,SixthFloorLab
917,MCLUST03TEAM36,SAM,SixthFloorLab
918,MCLUST03TEAM66,SAM,SixthFloorLab
919,MCLUST01TEAM109,SCM,C625
920,MCLUST01TEAM19,SCM,C625
921,MCLUST01TEAM4,SCM,C625
922,MCLUST01TEAM83,SCM,C625
923,MCLUST02TEAM41,SCM,C625
924,MCLUST03TEAM22,SCM,C625
925,MCLUST03TEAM28,SCM,C625
926,MCLUST03TEAM38,SCM,C625
927,MCLUST01TEAM56,SEM,FourthFloorLab
928,MCLUST01TEAM85,SEM,FourthFloorLab
929,MCLUST02TEAM25,SEM,FourthFloorLab
930,MCLUST02TEAM32,SEM,FourthFloorLab
931,MCLUST02TEAM66,SEM,FourthFloorLab
932,MCLUST02TEAM81,SEM,FourthFloorLab
933,MCLUST02TEAM84,SEM,FourthFloorLab
934,MCLUST03TEAM13,SEM,FourthFloorLab
935,MCLUST03TEAM23,SEM,FourthFloorLab
936,MCLUST03TEAM55,SEM,FourthFloorLab
937,MCLUST03TEAM61,SEM,FourthFloorLab
938,MCLUST03TEAM76,SEM,FourthFloorLab
939,MCLUST01TEAM1,SMS,GroundFloorLab
940,MCLUST01TEAM27,SMS,GroundFloorLab
941,MCLUST01TEAM84,SMS,GroundFloorLab
942,MCLUST02TEAM36,SMS,GroundFloorLab
943,MCLUST02TEAM48,SMS,GroundFloorLab
944,MCLUST02TEAM65,SMS,GroundFloorLab
945,MCLUST02TEAM67,SMS,GroundFloorLab
946,MCLUST02TEAM95,SMS,GroundFloorLab
947,MCLUST03TEAM40,SMS,GroundFloorLab
948,MCLUST03TEAM48,SMS,GroundFloorLab
949,MCLUST03TEAM65,SMS,GroundFloorLab
950,MCLUST01TEAM10,TTH,C121
951,MCLUST01TEAM101,TTH,C121
952,MCLUST01TEAM108,TTH,C121
953,MCLUST01TEAM70,TTH,C121
954,MCLUST02TEAM43,TTH,C121
955,MCLUST02TEAM54,TTH,C121
956,MCLUST02TEAM64,TTH,C121
957,MCLUST02TEAM90,TTH,C121
958,MCLUST03TEAM47,TTH,C121
959,MCLUST03TEAM49,TTH,C121
960,MCLUST03TEAM68,TTH,C121
